h,k,l,multiplicity,d_spacing,2theta,sigma_squared,gamma,F_obs_squared,F_calc_squared,phase,I_corr,Prfo,Trans,ExtP
0.00000000,0.00000000,1.00000000,2.00000000,4.75699164,2.00551841,1.16325525,0.37700332,438.00522825,24655.69675342,0.00000000,15.33028554,1.00000000,1.00000000,1.00000000
0.00000000,2.00000000,0.00000000,2.00000000,4.39700000,2.16973330,1.16509360,0.37702281,300.55258237,16166.32590354,0.00000000,13.09811602,1.00000000,1.00000000,1.00000000
1.00000000,1.00000000,0.00000000,4.00000000,4.20384979,2.26943668,1.16624734,0.37703502,251.61856316,15520.86970247,180.00000000,23.94567105,1.00000000,1.00000000,1.00000000
1.00000000,1.00000000,-1.00000000,4.00000000,3.75849964,2.53838724,1.16950122,0.37706938,279.76134693,15035.83759014,180.00000000,19.14173658,1.00000000,1.00000000,1.00000000
0.00000000,2.00000000,1.00000000,4.00000000,3.22892361,2.95479413,1.17494702,0.37712669,311.92608719,14002.75455506,-0.00000000,14.12871494,1.00000000,1.00000000,1.00000000
1.00000000,1.00000000,1.00000000,4.00000000,2.76539158,3.45021257,1.18207233,0.37720137,315.60483678,12319.01934882,180.00000000,10.36450806,1.00000000,1.00000000,1.00000000
2.00000000,0.00000000,-1.00000000,2.00000000,2.50914152,3.80269441,1.18756980,0.37725880,260.49665889,16370.52253370,0.00000000,4.26672503,1.00000000,1.00000000,1.00000000
1.00000000,3.00000000,0.00000000,4.00000000,2.49974722,3.81699059,1.18780028,0.37726120,237.16397244,16742.16282102,180.00000000,8.46970302,1.00000000,1.00000000,1.00000000
1.00000000,1.00000000,-2.00000000,4.00000000,2.40162385,3.97300303,1.19035360,0.37728783,148.86624187,10971.03258732,-180.00000000,7.81815852,1.00000000,1.00000000,1.00000000
1.00000000,3.00000000,-1.00000000,4.00000000,2.39568794,3.98285108,1.19051711,0.37728954,91.62238182,7442.54161357,180.00000000,7.77958058,1.00000000,1.00000000,1.00000000
2.00000000,0.00000000,0.00000000,2.00000000,2.39306475,3.98721870,1.19058972,0.37729029,91.40969964,7347.46521933,0.00000000,3.88128135,1.00000000,1.00000000,1.00000000
0.00000000,0.00000000,2.00000000,2.00000000,2.37849582,4.01165145,1.19099691,0.37729454,144.02737240,7561.38662759,0.00000000,3.83419313,1.00000000,1.00000000,1.00000000
0.00000000,4.00000000,0.00000000,2.00000000,2.19850000,4.34024498,1.19663950,0.37735328,328.73307299,9943.07703542,0.00000000,3.27615112,1.00000000,1.00000000,1.00000000
2.00000000,2.00000000,-1.00000000,4.00000000,2.17927683,4.37854838,1.19731741,0.37736033,154.63682579,10165.61627529,0.00000000,6.43829496,1.00000000,1.00000000,1.00000000
2.00000000,2.00000000,0.00000000,4.00000000,2.10192490,4.53976410,1.20021686,0.37739047,283.60952362,10214.77149675,0.00000000,5.98966245,1.00000000,1.00000000,1.00000000
0.00000000,2.00000000,2.00000000,4.00000000,2.09203204,4.56124317,1.20060879,0.37739454,136.17107903,10318.16069042,-0.00000000,5.93345429,1.00000000,1.00000000,1.00000000
2.00000000,0.00000000,-2.00000000,2.00000000,2.07866524,4.59058977,1.20114643,0.37740013,344.92127680,40991.51354420,0.00000000,2.92896471,1.00000000,1.00000000,1.00000000
1.00000000,3.00000000,1.00000000,4.00000000,2.06631701,4.61803778,1.20165152,0.37740537,514.30101089,40927.99815548,180.00000000,5.78858984,1.00000000,1.00000000,1.00000000
0.00000000,4.00000000,1.00000000,4.00000000,1.99567509,4.78159810,1.20470622,0.37743709,241.44260303,10830.29576649,-0.00000000,5.39985333,1.00000000,1.00000000,1.00000000
1.00000000,3.00000000,-2.00000000,4.00000000,1.90063509,5.02084823,1.20931304,0.37748486,254.82149513,12239.13838770,180.00000000,4.89818849,1.00000000,1.00000000,1.00000000
2.00000000,0.00000000,1.00000000,2.00000000,1.89394044,5.03860722,1.20966155,0.37748848,217.03550293,12464.99062847,0.00000000,2.43188686,1.00000000,1.00000000,1.00000000
2.00000000,2.00000000,-2.00000000,4.00000000,1.87924982,5.07802112,1.21043829,0.37749653,157.15060096,10907.95088094,0.00000000,4.78868021,1.00000000,1.00000000,1.00000000
1.00000000,1.00000000,2.00000000,4.00000000,1.84640225,5.16842009,1.21223667,0.37751516,275.67707514,10120.54423537,180.00000000,4.62288991,1.00000000,1.00000000,1.00000000
2.00000000,2.00000000,1.00000000,4.00000000,1.73944062,5.48647243,1.21875096,0.37758259,374.64910569,10517.31392180,0.00000000,4.10328562,1.00000000,1.00000000,1.00000000
3.00000000,1.00000000,-1.00000000,4.00000000,1.66654210,5.72665958,1.22386358,0.37763545,270.51414349,9217.52568423,-180.00000000,3.76691781,1.00000000,1.00000000,1.00000000
1.00000000,1.00000000,-3.00000000,4.00000000,1.65669831,5.76071491,1.22460195,0.37764308,131.70320869,9005.15807032,180.00000000,3.72260012,1.00000000,1.00000000,1.00000000
2.00000000,4.00000000,-1.00000000,4.00000000,1.65355933,5.77165985,1.22483996,0.37764554,117.51964489,8518.04667359,0.00000000,3.70852330,1.00000000,1.00000000,1.00000000
1.00000000,5.00000000,0.00000000,4.00000000,1.65086203,5.78109801,1.22504548,0.37764766,165.20652334,9942.89053382,180.00000000,3.69644857,1.00000000,1.00000000,1.00000000
1.00000000,5.00000000,-1.00000000,4.00000000,1.61980707,5.89203014,1.22748036,0.37767281,147.75130303,7732.46776484,180.00000000,3.55884786,1.00000000,1.00000000,1.00000000
2.00000000,4.00000000,0.00000000,4.00000000,1.61899552,5.89498623,1.22754573,0.37767349,191.83032513,10767.33965681,-0.00000000,3.55528701,1.00000000,1.00000000,1.00000000
0.00000000,4.00000000,2.00000000,4.00000000,1.61446180,5.91155515,1.22791260,0.37767728,196.07046760,10829.82379184,0.00000000,3.53542723,1.00000000,1.00000000,1.00000000
2.00000000,0.00000000,-3.00000000,2.00000000,1.59634055,5.97872223,1.22940791,0.37769272,316.62250928,16167.36348425,0.00000000,1.72830195,1.00000000,1.00000000,1.00000000
1.00000000,3.00000000,2.00000000,4.00000000,1.58756032,6.01181870,1.23014951,0.37770037,211.62749169,15863.27670192,180.00000000,3.41873189,1.00000000,1.00000000,1.00000000
0.00000000,0.00000000,3.00000000,2.00000000,1.58566388,6.01901542,1.23031119,0.37770204,131.26556524,9552.55850950,0.00000000,1.70528966,1.00000000,1.00000000,1.00000000
3.00000000,1.00000000,-2.00000000,4.00000000,1.57589455,6.05636334,1.23115263,0.37771073,158.55455247,10727.73019934,180.00000000,3.36873671,1.00000000,1.00000000,1.00000000
3.00000000,1.00000000,0.00000000,4.00000000,1.56975380,6.08007757,1.23168900,0.37771626,168.50957123,8027.83076785,180.00000000,3.34256785,1.00000000,1.00000000,1.00000000
2.00000000,4.00000000,-2.00000000,4.00000000,1.51042653,6.31913158,1.23718664,0.37777298,220.49083193,7784.50966673,-0.00000000,3.09500626,1.00000000,1.00000000,1.00000000
1.00000000,5.00000000,1.00000000,4.00000000,1.50566904,6.33911860,1.23765377,0.37777780,171.65793977,10441.47703323,180.00000000,3.07556720,1.00000000,1.00000000,1.00000000
2.00000000,2.00000000,-3.00000000,4.00000000,1.50051167,6.36092901,1.23816484,0.37778306,173.51161955,10131.35246895,0.00000000,3.05456346,1.00000000,1.00000000,1.00000000
0.00000000,2.00000000,3.00000000,4.00000000,1.49163430,6.39882496,1.23905610,0.37779225,185.10016188,8337.43398120,0.00000000,3.01857862,1.00000000,1.00000000,1.00000000
3.00000000,3.00000000,-1.00000000,4.00000000,1.46884118,6.49822612,1.24141360,0.37781655,355.22783053,28453.00890202,180.00000000,2.92716356,1.00000000,1.00000000,1.00000000
0.00000000,6.00000000,0.00000000,2.00000000,1.46566667,6.51231591,1.24175008,0.37782002,247.45567568,28212.56078546,0.00000000,1.45727169,1.00000000,1.00000000,1.00000000
1.00000000,3.00000000,-3.00000000,4.00000000,1.46208820,6.52827210,1.24213182,0.37782395,220.37546075,27763.93151041,180.00000000,2.90035004,1.00000000,1.00000000,1.00000000
2.00000000,0.00000000,2.00000000,2.00000000,1.45658917,6.55294497,1.24272356,0.37783005,434.17209437,27970.62907127,0.00000000,1.43930340,1.00000000,1.00000000,1.00000000
1.00000000,5.00000000,-2.00000000,4.00000000,1.43781962,6.63858348,1.24479114,0.37785135,170.39729480,7906.79762401,-180.00000000,2.80500878,1.00000000,1.00000000,1.00000000
2.00000000,4.00000000,1.00000000,4.00000000,1.43491475,6.65203786,1.24511790,0.37785472,212.84392422,9341.05404609,-0.00000000,2.79370368,1.00000000,1.00000000,1.00000000
3.00000000,3.00000000,-2.00000000,4.00000000,1.40564628,6.79070778,1.24851623,0.37788971,221.38645162,12867.64814426,180.00000000,2.68107309,1.00000000,1.00000000,1.00000000
3.00000000,3.00000000,0.00000000,4.00000000,1.40128326,6.81187613,1.24903990,0.37789510,176.72566963,12422.30496988,180.00000000,2.66448217,1.00000000,1.00000000,1.00000000
0.00000000,6.00000000,1.00000000,4.00000000,1.40068971,6.81476611,1.24911149,0.37789584,192.15798162,12623.91313174,0.00000000,2.66222911,1.00000000,1.00000000,1.00000000
2.00000000,2.00000000,2.00000000,4.00000000,1.38269579,6.90355786,1.25132291,0.37791860,296.48641353,8882.33874851,0.00000000,2.59437889,1.00000000,1.00000000,1.00000000
3.00000000,1.00000000,-3.00000000,4.00000000,1.36888490,6.97329461,1.25307578,0.37793664,200.74683186,8971.47980947,180.00000000,2.54289682,1.00000000,1.00000000,1.00000000
3.00000000,1.00000000,1.00000000,4.00000000,1.36085920,7.01447106,1.25411739,0.37794736,203.03886445,8327.95836423,180.00000000,2.51321732,1.00000000,1.00000000,1.00000000
1.00000000,1.00000000,3.00000000,4.00000000,1.35548350,7.04232468,1.25482476,0.37795464,308.35230628,8437.71103048,180.00000000,2.49343527,1.00000000,1.00000000,1.00000000
2.00000000,4.00000000,-3.00000000,4.00000000,1.29173570,7.39033819,1.26385276,0.37804746,286.74609123,8501.22548699,-0.00000000,2.26481923,1.00000000,1.00000000,1.00000000
1.00000000,5.00000000,2.00000000,4.00000000,1.28707032,7.41716414,1.26456326,0.37805477,206.54345021,8118.18032847,-180.00000000,2.24852038,1.00000000,1.00000000,1.00000000
0.00000000,4.00000000,3.00000000,4.00000000,1.28605915,7.42300407,1.26471821,0.37805636,218.97109141,7680.14199937,0.00000000,2.24499557,1.00000000,1.00000000,1.00000000
4.00000000,0.00000000,-1.00000000,2.00000000,1.26722553,7.53348350,1.26766823,0.37808667,320.33996383,10424.33597646,0.00000000,1.08992504,1.00000000,1.00000000,1.00000000
2.00000000,6.00000000,-1.00000000,4.00000000,1.26557250,7.54333759,1.26793308,0.37808939,229.23178624,10084.07315864,0.00000000,2.17417814,1.00000000,1.00000000,1.00000000
4.00000000,0.00000000,-2.00000000,2.00000000,1.25457076,7.60958454,1.26972092,0.37810775,152.78055445,6864.10296935,0.00000000,1.06830855,1.00000000,1.00000000,1.00000000
3.00000000,3.00000000,-3.00000000,4.00000000,1.25283321,7.62015380,1.27000734,0.37811069,123.47630060,7016.11011427,180.00000000,2.13071494,1.00000000,1.00000000,1.00000000
2.00000000,6.00000000,0.00000000,4.00000000,1.24987361,7.63822448,1.27049779,0.37811573,91.34176710,6866.23189748,-0.00000000,2.12068047,1.00000000,1.00000000,1.00000000
2.00000000,0.00000000,-4.00000000,2.00000000,1.24826313,7.64809379,1.27076605,0.37811849,89.41171061,7167.29744791,0.00000000,1.05761507,1.00000000,1.00000000,1.00000000
0.00000000,6.00000000,2.00000000,4.00000000,1.24778406,7.65103453,1.27084604,0.37811931,87.03362116,6968.57685877,0.00000000,2.11361019,1.00000000,1.00000000,1.00000000
3.00000000,3.00000000,1.00000000,4.00000000,1.24667179,7.65787091,1.27103208,0.37812122,89.47071549,6817.29861387,180.00000000,2.10985149,1.00000000,1.00000000,1.00000000
1.00000000,1.00000000,-4.00000000,4.00000000,1.24640578,7.65950766,1.27107665,0.37812168,108.52508530,8089.06359389,180.00000000,2.10895309,1.00000000,1.00000000,1.00000000
1.00000000,3.00000000,3.00000000,4.00000000,1.24253498,7.68340467,1.27172817,0.37812837,194.94777425,7022.76949426,180.00000000,2.09590141,1.00000000,1.00000000,1.00000000
3.00000000,5.00000000,-1.00000000,4.00000000,1.22133519,7.81697781,1.27540046,0.37816607,267.57946678,8374.55481488,180.00000000,2.02513940,1.00000000,1.00000000,1.00000000
4.00000000,2.00000000,-1.00000000,4.00000000,1.21766421,7.84058101,1.27605477,0.37817278,120.12368138,8492.44929345,-0.00000000,2.01300986,1.00000000,1.00000000,1.00000000
1.00000000,5.00000000,-3.00000000,4.00000000,1.21744473,7.84199667,1.27609407,0.37817319,114.44612439,8201.85183654,180.00000000,2.01228584,1.00000000,1.00000000,1.00000000
1.00000000,7.00000000,0.00000000,4.00000000,1.21512301,7.85700377,1.27651099,0.37817747,125.08440013,7647.01993527,180.00000000,2.00463472,1.00000000,1.00000000,1.00000000
2.00000000,4.00000000,2.00000000,4.00000000,1.21426446,7.86256782,1.27666574,0.37817905,132.65984631,6818.29192724,0.00000000,2.00180911,1.00000000,1.00000000,1.00000000
4.00000000,2.00000000,-2.00000000,4.00000000,1.20642404,7.91374693,1.27809334,0.37819371,123.22298851,7110.81905519,-0.00000000,1.97609753,1.00000000,1.00000000,1.00000000
1.00000000,7.00000000,-1.00000000,4.00000000,1.20257764,7.93909931,1.27880335,0.37820099,156.02584975,8769.12907056,180.00000000,1.96354468,1.00000000,1.00000000,1.00000000
2.00000000,2.00000000,-4.00000000,4.00000000,1.20081192,7.95079199,1.27913144,0.37820436,108.18712949,7250.95687564,-0.00000000,1.95779564,1.00000000,1.00000000,1.00000000
2.00000000,6.00000000,-2.00000000,4.00000000,1.19784397,7.97052383,1.27968601,0.37821005,231.17628691,21288.34107008,0.00000000,1.94815124,1.00000000,1.00000000,1.00000000
4.00000000,0.00000000,0.00000000,2.00000000,1.19653238,7.97927495,1.27993233,0.37821257,278.35322675,21610.39016866,0.00000000,0.97194840,1.00000000,1.00000000,1.00000000
0.00000000,0.00000000,4.00000000,2.00000000,1.18924791,8.02823006,1.28131438,0.37822675,444.28886052,20698.07711253,0.00000000,0.96017645,1.00000000,1.00000000,1.00000000
3.00000000,5.00000000,-2.00000000,4.00000000,1.18427641,8.06198754,1.28227145,0.37823657,150.06669149,8150.73014824,180.00000000,1.90436722,1.00000000,1.00000000,1.00000000
3.00000000,5.00000000,0.00000000,4.00000000,1.18166362,8.07984306,1.28277902,0.37824178,191.88857403,6715.85506457,180.00000000,1.89599274,1.00000000,1.00000000,1.00000000
4.00000000,0.00000000,-3.00000000,2.00000000,1.16535128,8.19313475,1.28602118,0.37827503,450.75702461,8275.46313949,0.00000000,0.92206342,1.00000000,1.00000000,1.00000000
2.00000000,6.00000000,1.00000000,4.00000000,1.15911801,8.23726997,1.28729436,0.37828808,166.48786350,8487.85809335,0.00000000,1.82449823,1.00000000,1.00000000,1.00000000
1.00000000,3.00000000,-4.00000000,4.00000000,1.15690600,8.25304697,1.28775086,0.37829277,163.59890953,12361.04198740,180.00000000,1.81755789,1.00000000,1.00000000,1.00000000
4.00000000,2.00000000,0.00000000,4.00000000,1.15454756,8.26993506,1.28824032,0.37829778,90.46276256,7381.84086357,0.00000000,1.81017274,1.00000000,1.00000000,1.00000000
1.00000000,7.00000000,1.00000000,4.00000000,1.15359027,8.27680970,1.28843980,0.37829983,79.46821097,6054.48665265,180.00000000,1.80717941,1.00000000,1.00000000,1.00000000
2.00000000,0.00000000,3.00000000,2.00000000,1.15296452,8.28130962,1.28857045,0.37830117,173.22686411,12215.24898643,0.00000000,0.90261205,1.00000000,1.00000000,1.00000000
3.00000000,1.00000000,-4.00000000,4.00000000,1.15236801,8.28560385,1.28869518,0.37830245,94.36642408,6083.41883307,180.00000000,1.80336115,1.00000000,1.00000000,1.00000000
0.00000000,2.00000000,4.00000000,4.00000000,1.14799920,8.31719083,1.28961432,0.37831187,156.82022001,7108.23772137,0.00000000,1.78974639,1.00000000,1.00000000,1.00000000
3.00000000,1.00000000,2.00000000,4.00000000,1.14518996,8.33762958,1.29021061,0.37831798,255.45629605,7529.25783048,180.00000000,1.78101912,1.00000000,1.00000000,1.00000000
4.00000000,2.00000000,-3.00000000,4.00000000,1.12645989,8.47651372,1.29429480,0.37835984,238.67919493,5780.43611211,0.00000000,1.72337834,1.00000000,1.00000000,1.00000000
1.00000000,7.00000000,-2.00000000,4.00000000,1.12220991,8.50867462,1.29524859,0.37836961,219.93738707,6469.16193526,-180.00000000,1.71043155,1.00000000,1.00000000,1.00000000
2.00000000,2.00000000,3.00000000,4.00000000,1.11526068,8.56179104,1.29683048,0.37838582,317.64909299,6752.32170253,0.00000000,1.68936746,1.00000000,1.00000000,1.00000000
0.00000000,8.00000000,0.00000000,2.00000000,1.09925000,8.68673204,1.30058390,0.37842427,390.15060197,8149.91701095,0.00000000,0.82066741,1.00000000,1.00000000,1.00000000
4.00000000,4.00000000,-1.00000000,4.00000000,1.09789879,8.69744355,1.30090782,0.37842759,328.61391635,7726.06480809,0.00000000,1.63731294,1.00000000,1.00000000,1.00000000
4.00000000,4.00000000,-2.00000000,4.00000000,1.08963841,8.76350586,1.30291295,0.37844812,191.15399285,7545.07620608,0.00000000,1.61283337,1.00000000,1.00000000,1.00000000
3.00000000,5.00000000,-3.00000000,4.00000000,1.08849942,8.77269381,1.30319284,0.37845098,107.49165995,5885.66959488,180.00000000,1.60947248,1.00000000,1.00000000,1.00000000
2.00000000,4.00000000,-4.00000000,4.00000000,1.08549811,8.79699729,1.30393436,0.37845858,122.50970190,7641.80193052,0.00000000,1.60063316,1.00000000,1.00000000,1.00000000
3.00000000,5.00000000,1.00000000,4.00000000,1.08445114,8.80550699,1.30419441,0.37846124,88.64718783,5542.06554634,-180.00000000,1.59755542,1.00000000,1.00000000,1.00000000
1.00000000,5.00000000,3.00000000,4.00000000,1.08172490,8.82774322,1.30487493,0.37846821,77.24207774,5633.98417867,180.00000000,1.58955512,1.00000000,1.00000000,1.00000000
3.00000000,3.00000000,-4.00000000,4.00000000,1.08053752,8.83746309,1.30517286,0.37847126,86.00588973,6908.93509063,180.00000000,1.58607699,1.00000000,1.00000000,1.00000000
2.00000000,6.00000000,-3.00000000,4.00000000,1.07962872,8.84491702,1.30540151,0.37847360,126.11693611,10396.74599325,0.00000000,1.58341747,1.00000000,1.00000000,1.00000000
4.00000000,0.00000000,1.00000000,2.00000000,1.07669270,8.86908435,1.30614399,0.37848120,136.14936922,10129.87318162,0.00000000,0.78742038,1.00000000,1.00000000,1.00000000
0.00000000,6.00000000,3.00000000,4.00000000,1.07630787,8.87226179,1.30624173,0.37848220,96.23095343,6968.67484175,0.00000000,1.57371832,1.00000000,1.00000000,1.00000000
3.00000000,3.00000000,2.00000000,4.00000000,1.07461315,8.88628187,1.30667338,0.37848662,120.62182398,7029.43193641,180.00000000,1.56878012,1.00000000,1.00000000,1.00000000
0.00000000,8.00000000,1.00000000,4.00000000,1.07102633,8.91610174,1.30759337,0.37849604,231.70075733,6763.78487823,0.00000000,1.55835420,1.00000000,1.00000000,1.00000000
1.00000000,1.00000000,4.00000000,4.00000000,1.06383505,8.97649569,1.30946460,0.37851519,324.96148644,6385.17958787,180.00000000,1.53755609,1.00000000,1.00000000,1.00000000
4.00000000,4.00000000,0.00000000,4.00000000,1.05096245,9.08667300,1.31290582,0.37855040,304.42850386,5856.53574212,0.00000000,1.50067678,1.00000000,1.00000000,1.00000000
0.00000000,4.00000000,4.00000000,4.00000000,1.04601602,9.12973322,1.31426041,0.37856426,108.10120000,5674.52722120,0.00000000,1.48662494,1.00000000,1.00000000,1.00000000
1.00000000,7.00000000,2.00000000,4.00000000,1.04598582,9.12999734,1.31426873,0.37856435,112.74650942,5924.60209533,180.00000000,1.48653937,1.00000000,1.00000000,1.00000000
4.00000000,2.00000000,1.00000000,4.00000000,1.04579552,9.13166230,1.31432122,0.37856489,109.09424224,5732.86966154,0.00000000,1.48600008,1.00000000,1.00000000,1.00000000
4.00000000,0.00000000,-4.00000000,2.00000000,1.03933262,9.18856747,1.31612000,0.37858329,512.88642105,16985.54615157,0.00000000,0.73387201,1.00000000,1.00000000,1.00000000
2.00000000,6.00000000,2.00000000,4.00000000,1.03315851,9.24359705,1.31786853,0.37860117,325.99754098,17002.40301121,0.00000000,1.45040939,1.00000000,1.00000000,1.00000000
4.00000000,4.00000000,-3.00000000,4.00000000,1.02964446,9.27521320,1.31887712,0.37861149,216.51905709,5240.99149642,0.00000000,1.44058938,1.00000000,1.00000000,1.00000000
1.00000000,5.00000000,-4.00000000,4.00000000,1.02380544,9.32822891,1.32057498,0.37862885,232.44934763,6918.77299897,180.00000000,1.42434621,1.00000000,1.00000000,1.00000000
2.00000000,4.00000000,3.00000000,4.00000000,1.02107081,9.35326728,1.32137971,0.37863708,254.95757514,5693.32773929,0.00000000,1.41677070,1.00000000,1.00000000,1.00000000
4.00000000,2.00000000,-4.00000000,4.00000000,1.01146037,9.44233861,1.32425738,0.37866650,178.07742915,5882.17759138,0.00000000,1.39030842,1.00000000,1.00000000,1.00000000
2.00000000,0.00000000,-5.00000000,2.00000000,1.01039546,9.45231297,1.32458108,0.37866981,115.15267337,5808.43700615,0.00000000,0.69369581,1.00000000,1.00000000,1.00000000
3.00000000,7.00000000,-1.00000000,4.00000000,1.00977414,9.45814224,1.32477039,0.37867175,90.87409473,5220.70597944,-180.00000000,1.38569123,1.00000000,1.00000000,1.00000000
5.00000000,1.00000000,-2.00000000,4.00000000,1.00953742,9.46036513,1.32484261,0.37867249,84.35910051,5001.68783272,180.00000000,1.38504364,1.00000000,1.00000000,1.00000000
1.00000000,7.00000000,-3.00000000,4.00000000,1.00757211,9.47886014,1.32544404,0.37867864,88.15377862,5144.85598823,180.00000000,1.37967324,1.00000000,1.00000000,1.00000000
2.00000000,8.00000000,-1.00000000,4.00000000,1.00686471,9.48553502,1.32566134,0.37868086,114.14422746,5711.76242419,-0.00000000,1.37774276,1.00000000,1.00000000,1.00000000
1.00000000,3.00000000,4.00000000,4.00000000,1.00654467,9.48855793,1.32575979,0.37868186,128.97793531,5825.13118809,180.00000000,1.37686982,1.00000000,1.00000000,1.00000000
5.00000000,1.00000000,-1.00000000,4.00000000,1.00072305,9.54388440,1.32756649,0.37870033,191.17316793,6228.79293434,-180.00000000,1.36103931,1.00000000,1.00000000,1.00000000
2.00000000,8.00000000,0.00000000,4.00000000,0.99890518,9.56129335,1.32813685,0.37870616,114.72157539,4627.74617033,0.00000000,1.35611485,1.00000000,1.00000000,1.00000000
0.00000000,8.00000000,2.00000000,4.00000000,0.99783755,9.57154723,1.32847320,0.37870960,127.32658790,4670.94320589,-0.00000000,1.35322691,1.00000000,1.00000000,1.00000000
1.00000000,1.00000000,-5.00000000,4.00000000,0.99433361,9.60535552,1.32958440,0.37872096,261.79348732,6418.95225153,180.00000000,1.34377045,1.00000000,1.00000000,1.00000000
3.00000000,7.00000000,-2.00000000,4.00000000,0.98852677,9.66191331,1.33145082,0.37874003,213.95026539,6562.91243614,180.00000000,1.32817214,1.00000000,1.00000000,1.00000000
3.00000000,7.00000000,0.00000000,4.00000000,0.98700571,9.67683862,1.33194493,0.37874508,139.15983456,5112.17747458,-180.00000000,1.32410138,1.00000000,1.00000000,1.00000000
2.00000000,2.00000000,-5.00000000,4.00000000,0.98473086,9.69924684,1.33268800,0.37875267,255.95578048,5222.62695667,0.00000000,1.31802495,1.00000000,1.00000000,1.00000000
5.00000000,1.00000000,-3.00000000,4.00000000,0.97487187,9.79757495,1.33596605,0.37878616,268.26106269,5340.12803481,-180.00000000,1.29185242,1.00000000,1.00000000,1.00000000
2.00000000,8.00000000,-2.00000000,4.00000000,0.97173957,9.82923392,1.33702755,0.37879700,147.70297890,6880.63300643,0.00000000,1.28359229,1.00000000,1.00000000,1.00000000
3.00000000,1.00000000,-5.00000000,4.00000000,0.97092002,9.83755118,1.33730691,0.37879986,100.86305620,5184.97568029,180.00000000,1.28143545,1.00000000,1.00000000,1.00000000
3.00000000,5.00000000,-4.00000000,4.00000000,0.96974115,9.84953973,1.33770994,0.37880397,103.24066198,4989.66760132,-180.00000000,1.27833618,1.00000000,1.00000000,1.00000000
4.00000000,4.00000000,1.00000000,4.00000000,0.96695904,9.87794893,1.33866668,0.37881375,107.22231330,4914.58268695,-0.00000000,1.27103686,1.00000000,1.00000000,1.00000000
3.00000000,5.00000000,2.00000000,4.00000000,0.96545188,9.89340776,1.33918829,0.37881907,137.85435041,5849.02474381,180.00000000,1.26709134,1.00000000,1.00000000,1.00000000
3.00000000,1.00000000,3.00000000,4.00000000,0.96519287,9.89606926,1.33927817,0.37881999,145.99580149,5766.89674729,180.00000000,1.26641392,1.00000000,1.00000000,1.00000000
5.00000000,3.00000000,-2.00000000,4.00000000,0.96018940,9.94776645,1.34102805,0.37883786,171.43173938,7247.19976136,180.00000000,1.25336325,1.00000000,1.00000000,1.00000000
4.00000000,6.00000000,-1.00000000,4.00000000,0.95860506,9.96424925,1.34158762,0.37884358,134.38060752,7545.16623409,0.00000000,1.24924491,1.00000000,1.00000000,1.00000000
1.00000000,9.00000000,0.00000000,4.00000000,0.95736371,9.97720186,1.34202791,0.37884807,184.79915189,7435.50988817,180.00000000,1.24602292,1.00000000,1.00000000,1.00000000
4.00000000,6.00000000,-2.00000000,4.00000000,0.95309195,10.02203381,1.34355568,0.37886367,113.17344844,5497.75747701,0.00000000,1.23496718,1.00000000,1.00000000,1.00000000
5.00000000,3.00000000,-1.00000000,4.00000000,0.95259600,10.02726494,1.34373433,0.37886550,90.04285810,5397.89755931,-180.00000000,1.23368681,1.00000000,1.00000000,1.00000000
5.00000000,1.00000000,0.00000000,4.00000000,0.95160505,10.03773360,1.34409209,0.37886915,85.53684929,6585.17280356,180.00000000,1.23113052,1.00000000,1.00000000,1.00000000
0.00000000,0.00000000,5.00000000,2.00000000,0.95139833,10.03992023,1.34416686,0.37886991,131.11914208,10202.37057113,0.00000000,0.61529879,1.00000000,1.00000000,1.00000000
1.00000000,9.00000000,-1.00000000,4.00000000,0.95119201,10.04210349,1.34424152,0.37887068,71.31969899,5526.20502441,180.00000000,1.23006582,1.00000000,1.00000000,1.00000000
2.00000000,8.00000000,1.00000000,4.00000000,0.95071893,10.04711336,1.34441291,0.37887243,77.60476960,5671.74463634,0.00000000,1.22884691,1.00000000,1.00000000,1.00000000
2.00000000,6.00000000,-4.00000000,4.00000000,0.95031754,10.05136785,1.34455851,0.37887391,84.99928989,5687.31179167,-0.00000000,1.22781321,1.00000000,1.00000000,1.00000000
1.00000000,3.00000000,-5.00000000,4.00000000,0.94707984,10.08581847,1.34573951,0.37888597,154.83655785,5779.41371828,180.00000000,1.21949099,1.00000000,1.00000000,1.00000000
4.00000000,0.00000000,2.00000000,2.00000000,0.94697022,10.08698905,1.34577970,0.37888638,147.74432713,5424.05878135,0.00000000,0.60960485,1.00000000,1.00000000,1.00000000
2.00000000,0.00000000,4.00000000,2.00000000,0.94424877,10.11613668,1.34678174,0.37889661,337.47292178,5619.72815607,0.00000000,0.60611863,1.00000000,1.00000000,1.00000000
4.00000000,4.00000000,-4.00000000,4.00000000,0.93962491,10.16604856,1.34850343,0.37891418,302.16906329,4734.71767869,-0.00000000,1.20043676,1.00000000,1.00000000,1.00000000
3.00000000,7.00000000,-3.00000000,4.00000000,0.93074912,10.26325266,1.35187754,0.37894862,98.19757720,6686.86390134,-180.00000000,1.17794730,1.00000000,1.00000000,1.00000000
5.00000000,3.00000000,-3.00000000,4.00000000,0.93021732,10.26913580,1.35208265,0.37895071,177.86792411,14370.89121179,180.00000000,1.17660662,1.00000000,1.00000000,1.00000000
0.00000000,2.00000000,5.00000000,4.00000000,0.92987980,10.27287320,1.35221300,0.37895205,67.54454626,5907.60582330,0.00000000,1.17575612,1.00000000,1.00000000,1.00000000
3.00000000,7.00000000,1.00000000,4.00000000,0.92821437,10.29135486,1.35285821,0.37895863,59.93438877,6291.40123896,-180.00000000,1.17156394,1.00000000,1.00000000,1.00000000
4.00000000,6.00000000,0.00000000,4.00000000,0.92688558,10.30614840,1.35337539,0.37896391,132.36181883,14398.53561136,0.00000000,1.16822458,1.00000000,1.00000000,1.00000000
3.00000000,3.00000000,-5.00000000,4.00000000,0.92678216,10.30730161,1.35341573,0.37896432,128.39635133,13861.98050280,180.00000000,1.16796487,1.00000000,1.00000000,1.00000000
1.00000000,7.00000000,3.00000000,4.00000000,0.92650310,10.31041455,1.35352465,0.37896543,60.52406148,6343.51411670,180.00000000,1.16726425,1.00000000,1.00000000,1.00000000
1.00000000,9.00000000,1.00000000,4.00000000,0.92639005,10.31167624,1.35356881,0.37896588,137.70790276,14210.28154046,-180.00000000,1.16698046,1.00000000,1.00000000,1.00000000
4.00000000,2.00000000,2.00000000,4.00000000,0.92574412,10.31889053,1.35382137,0.37896846,54.95618973,5050.99612923,-0.00000000,1.16535979,1.00000000,1.00000000,1.00000000
0.00000000,6.00000000,4.00000000,4.00000000,0.92348707,10.34417912,1.35470790,0.37897750,194.96004941,13875.21934395,0.00000000,1.15970553,1.00000000,1.00000000,1.00000000
2.00000000,2.00000000,4.00000000,4.00000000,0.92320112,10.34739178,1.35482066,0.37897865,73.53850813,5150.64441424,0.00000000,1.15899018,1.00000000,1.00000000,1.00000000
3.00000000,3.00000000,3.00000000,4.00000000,0.92179719,10.36319430,1.35537575,0.37898432,273.46731603,14075.62110776,180.00000000,1.15548117,1.00000000,1.00000000,1.00000000
2.00000000,4.00000000,-5.00000000,4.00000000,0.91807957,10.40527395,1.35685747,0.37899944,231.53446603,5030.56296842,0.00000000,1.14621508,1.00000000,1.00000000,1.00000000
1.00000000,5.00000000,4.00000000,4.00000000,0.91518789,10.43824211,1.35802201,0.37901132,197.84001363,5029.70998213,180.00000000,1.13903353,1.00000000,1.00000000,1.00000000
4.00000000,6.00000000,-3.00000000,4.00000000,0.91216276,10.47295643,1.35925170,0.37902386,143.13772357,6201.09090139,0.00000000,1.13154480,1.00000000,1.00000000,1.00000000
4.00000000,0.00000000,-5.00000000,2.00000000,0.91153620,10.48017539,1.35950787,0.37902647,177.45079579,8908.53221793,0.00000000,0.56499841,1.00000000,1.00000000,1.00000000
5.00000000,3.00000000,0.00000000,4.00000000,0.90993905,10.49862206,1.36016315,0.37903316,112.46890519,6422.20875061,180.00000000,1.12605579,1.00000000,1.00000000,1.00000000
1.00000000,9.00000000,-2.00000000,4.00000000,0.90990175,10.49905364,1.36017849,0.37903331,109.98278295,6270.13074565,180.00000000,1.12596383,1.00000000,1.00000000,1.00000000
5.00000000,1.00000000,-4.00000000,4.00000000,0.90848304,10.51549538,1.36076342,0.37903928,127.30375738,6289.85517166,180.00000000,1.12246904,1.00000000,1.00000000,1.00000000
2.00000000,6.00000000,3.00000000,4.00000000,0.90618572,10.54222917,1.36171620,0.37904900,205.18438115,8711.87671052,0.00000000,1.11682147,1.00000000,1.00000000,1.00000000
2.00000000,8.00000000,-3.00000000,4.00000000,0.90536028,10.55186797,1.36206025,0.37905251,163.17616859,6031.49231735,0.00000000,1.11479578,1.00000000,1.00000000,1.00000000
0.00000000,8.00000000,3.00000000,4.00000000,0.90339925,10.57483837,1.36288125,0.37906088,291.21429419,4857.18752750,0.00000000,1.10999062,1.00000000,1.00000000,1.00000000
4.00000000,2.00000000,-5.00000000,4.00000000,0.89255827,10.70365253,1.36751420,0.37910812,398.46907562,6074.63119800,-0.00000000,1.08361480,1.00000000,1.00000000,1.00000000
1.00000000,7.00000000,-4.00000000,4.00000000,0.88932739,10.74265243,1.36892656,0.37912252,377.47738810,5259.51697784,-180.00000000,1.07581576,1.00000000,1.00000000,1.00000000
5.00000000,5.00000000,-2.00000000,4.00000000,0.87992753,10.85775408,1.37312118,0.37916528,252.94287599,4452.24492974,180.00000000,1.05328621,1.00000000,1.00000000,1.00000000
0.00000000,10.00000000,0.00000000,2.00000000,0.87940000,10.86428696,1.37336043,0.37916772,187.23340674,4338.78761161,0.00000000,0.52601446,1.00000000,1.00000000,1.00000000
5.00000000,1.00000000,1.00000000,4.00000000,0.87759013,10.88676019,1.37418443,0.37917612,166.60024141,5138.64842571,180.00000000,1.04772110,1.00000000,1.00000000,1.00000000
2.00000000,8.00000000,2.00000000,4.00000000,0.87742755,10.88878349,1.37425869,0.37917688,202.23030181,6127.76775573,0.00000000,1.04733457,1.00000000,1.00000000,1.00000000
5.00000000,5.00000000,-1.00000000,4.00000000,0.87407249,10.93070625,1.37580008,0.37919259,129.28242597,4485.66144007,180.00000000,1.03937388,1.00000000,1.00000000,1.00000000
1.00000000,1.00000000,5.00000000,4.00000000,0.87327140,10.94076401,1.37617065,0.37919636,109.91385191,4912.95339481,-180.00000000,1.03747762,1.00000000,1.00000000,1.00000000
0.00000000,4.00000000,5.00000000,4.00000000,0.87314697,10.94232790,1.37622830,0.37919695,110.38092544,5073.01505973,0.00000000,1.03718323,1.00000000,1.00000000,1.00000000
5.00000000,3.00000000,-4.00000000,4.00000000,0.87201937,10.95652061,1.37675180,0.37920228,155.64928804,7763.10827844,180.00000000,1.03451740,1.00000000,1.00000000,1.00000000
1.00000000,5.00000000,-5.00000000,4.00000000,0.86980523,10.98449663,1.37778544,0.37921282,90.70369668,4672.01559262,180.00000000,1.02929286,1.00000000,1.00000000,1.00000000
4.00000000,4.00000000,2.00000000,4.00000000,0.86972031,10.98557249,1.37782524,0.37921322,103.25272191,5357.58722832,0.00000000,1.02909274,1.00000000,1.00000000,1.00000000
1.00000000,9.00000000,2.00000000,4.00000000,0.86783068,11.00956642,1.37871368,0.37922228,153.26681880,7556.32945008,180.00000000,1.02464486,1.00000000,1.00000000,1.00000000
4.00000000,6.00000000,1.00000000,4.00000000,0.86772199,11.01094983,1.37876495,0.37922280,156.00340955,7475.29838332,0.00000000,1.02438930,1.00000000,1.00000000,1.00000000
2.00000000,4.00000000,4.00000000,4.00000000,0.86761060,11.01236776,1.37881752,0.37922333,117.14254230,5434.92134111,-0.00000000,1.02412745,1.00000000,1.00000000,1.00000000
0.00000000,10.00000000,1.00000000,4.00000000,0.86474777,11.04893853,1.38017524,0.37923717,335.79447199,4916.16341894,0.00000000,1.01740894,1.00000000,1.00000000,1.00000000
5.00000000,5.00000000,-3.00000000,4.00000000,0.85668812,11.15321387,1.38406834,0.37927683,338.97464233,5250.83763813,180.00000000,0.99861379,1.00000000,1.00000000,1.00000000
3.00000000,5.00000000,-5.00000000,4.00000000,0.85400261,11.18839815,1.38538922,0.37929029,120.74453437,5088.81251690,180.00000000,0.99239026,1.00000000,1.00000000,1.00000000
3.00000000,7.00000000,-4.00000000,4.00000000,0.85320007,11.19895594,1.38578630,0.37929433,96.80484065,4440.45485016,-180.00000000,0.99053419,1.00000000,1.00000000,1.00000000
3.00000000,7.00000000,2.00000000,4.00000000,0.85027443,11.23761323,1.38724302,0.37930917,131.32403401,5480.94404586,180.00000000,0.98378278,1.00000000,1.00000000,1.00000000
3.00000000,5.00000000,3.00000000,4.00000000,0.85009749,11.23995983,1.38733159,0.37931007,127.38755230,5517.73409107,180.00000000,0.98337520,1.00000000,1.00000000,1.00000000
6.00000000,0.00000000,-2.00000000,2.00000000,0.84864944,11.25920043,1.38805842,0.37931747,216.61018530,12451.68589639,0.00000000,0.49002143,1.00000000,1.00000000,1.00000000
4.00000000,6.00000000,-4.00000000,4.00000000,0.84780642,11.27043231,1.38848322,0.37932180,185.34631398,12068.87682134,-0.00000000,0.97810545,1.00000000,1.00000000,1.00000000
3.00000000,9.00000000,-1.00000000,4.00000000,0.84681266,11.28370137,1.38898556,0.37932691,170.84385864,12228.39346561,180.00000000,0.97582411,1.00000000,1.00000000,1.00000000
1.00000000,9.00000000,-3.00000000,4.00000000,0.84551268,11.30110649,1.38964526,0.37933363,161.82917739,12014.24108332,180.00000000,0.97284383,1.00000000,1.00000000,1.00000000
5.00000000,3.00000000,1.00000000,4.00000000,0.84459013,11.31349103,1.39011523,0.37933842,180.34933129,12351.21369393,180.00000000,0.97073159,1.00000000,1.00000000,1.00000000
2.00000000,0.00000000,-6.00000000,2.00000000,0.84345169,11.32881118,1.39069722,0.37934434,206.42529498,11614.10818814,0.00000000,0.48406413,1.00000000,1.00000000,1.00000000
4.00000000,4.00000000,-5.00000000,4.00000000,0.84202938,11.34800990,1.39142753,0.37935178,105.80674777,5444.10752909,0.00000000,0.96488071,1.00000000,1.00000000,1.00000000
5.00000000,5.00000000,0.00000000,4.00000000,0.84076996,11.36506449,1.39207721,0.37935840,128.89111661,5357.98847990,180.00000000,0.96200965,1.00000000,1.00000000,1.00000000
1.00000000,3.00000000,5.00000000,4.00000000,0.84073841,11.36549240,1.39209352,0.37935856,285.69331868,11702.84610823,180.00000000,0.96193778,1.00000000,1.00000000,1.00000000
6.00000000,0.00000000,-3.00000000,2.00000000,0.83638051,11.42490798,1.39436372,0.37938168,427.21485268,6761.35898368,0.00000000,0.47601839,1.00000000,1.00000000,1.00000000
6.00000000,0.00000000,-1.00000000,2.00000000,0.83453977,11.45019184,1.39533297,0.37939154,161.44977613,6496.29885249,0.00000000,0.47393509,1.00000000,1.00000000,1.00000000
3.00000000,9.00000000,-2.00000000,4.00000000,0.83416366,11.45537191,1.39553178,0.37939357,144.92153152,6744.17134214,180.00000000,0.94701994,1.00000000,1.00000000,1.00000000
6.00000000,2.00000000,-2.00000000,4.00000000,0.83327105,11.46768409,1.39600464,0.37939838,90.29170734,4807.66387960,0.00000000,0.94500368,1.00000000,1.00000000,1.00000000
3.00000000,9.00000000,0.00000000,4.00000000,0.83324907,11.46798758,1.39601630,0.37939850,121.86834563,6485.32650613,180.00000000,0.94495406,1.00000000,1.00000000,1.00000000
2.00000000,6.00000000,-5.00000000,4.00000000,0.83187898,11.48693869,1.39674504,0.37940592,103.30017571,4605.59302954,0.00000000,0.94186352,1.00000000,1.00000000,1.00000000
4.00000000,8.00000000,-1.00000000,4.00000000,0.83037077,11.50787289,1.39755128,0.37941413,114.95850930,5221.80331515,0.00000000,0.93846730,1.00000000,1.00000000,1.00000000
2.00000000,10.00000000,-1.00000000,4.00000000,0.82990516,11.51435104,1.39780103,0.37941667,89.02439856,4330.83501422,0.00000000,0.93742009,1.00000000,1.00000000,1.00000000
4.00000000,0.00000000,3.00000000,2.00000000,0.82873114,11.53071799,1.39843260,0.37942310,79.88247829,4627.46881828,0.00000000,0.46739108,1.00000000,1.00000000,1.00000000
3.00000000,1.00000000,-6.00000000,4.00000000,0.82847427,11.53430533,1.39857113,0.37942451,88.79900999,5255.39344652,180.00000000,0.93420548,1.00000000,1.00000000,1.00000000
2.00000000,2.00000000,-6.00000000,4.00000000,0.82834916,11.53605332,1.39863865,0.37942520,76.11395445,4536.64008944,0.00000000,0.93392468,1.00000000,1.00000000,1.00000000
5.00000000,1.00000000,-5.00000000,4.00000000,0.82777436,11.54409104,1.39894922,0.37942836,89.81756164,5392.95952864,180.00000000,0.93263511,1.00000000,1.00000000,1.00000000
4.00000000,8.00000000,-2.00000000,4.00000000,0.82677966,11.55802694,1.39948816,0.37943384,64.98258149,3862.43087597,0.00000000,0.93040561,1.00000000,1.00000000,1.00000000
1.00000000,1.00000000,-6.00000000,4.00000000,0.82547554,11.57634924,1.40019761,0.37944106,72.59084780,4442.72417618,-180.00000000,0.92748661,1.00000000,1.00000000,1.00000000
2.00000000,10.00000000,0.00000000,4.00000000,0.82543101,11.57697575,1.40022189,0.37944131,93.72405980,5719.18717096,0.00000000,0.92738705,1.00000000,1.00000000,1.00000000
2.00000000,8.00000000,-4.00000000,4.00000000,0.82496664,11.58351480,1.40047534,0.37944389,69.47470502,3954.86344896,0.00000000,0.92634881,1.00000000,1.00000000,1.00000000
0.00000000,10.00000000,2.00000000,4.00000000,0.82482830,11.58546414,1.40055092,0.37944466,104.43570744,5739.92993254,0.00000000,0.92603964,1.00000000,1.00000000,1.00000000
3.00000000,1.00000000,4.00000000,4.00000000,0.82402303,11.59682471,1.40099162,0.37944915,109.79505452,4469.15011691,180.00000000,0.92424094,1.00000000,1.00000000,1.00000000
6.00000000,2.00000000,-3.00000000,4.00000000,0.82164807,11.63046058,1.40229868,0.37946245,226.05714255,5615.12503314,-0.00000000,0.91894631,1.00000000,1.00000000,1.00000000
6.00000000,2.00000000,-1.00000000,4.00000000,0.81990271,11.65530453,1.40326625,0.37947229,255.20055634,3949.62510464,0.00000000,0.91506501,1.00000000,1.00000000,1.00000000
1.00000000,7.00000000,4.00000000,4.00000000,0.81533635,11.72080890,1.40582621,0.37949834,255.72635632,4842.11290341,-180.00000000,0.90494954,1.00000000,1.00000000,1.00000000
4.00000000,2.00000000,3.00000000,4.00000000,0.81439238,11.73444222,1.40636062,0.37950378,243.77025726,4879.38275793,-0.00000000,0.90286549,1.00000000,1.00000000,1.00000000
5.00000000,5.00000000,-4.00000000,4.00000000,0.81058461,11.78976036,1.40853471,0.37952590,221.24311439,5454.20818530,180.00000000,0.89448339,1.00000000,1.00000000,1.00000000
2.00000000,10.00000000,-2.00000000,4.00000000,0.80990354,11.79970998,1.40892671,0.37952989,125.57087577,3830.67912965,0.00000000,0.89298826,1.00000000,1.00000000,1.00000000
4.00000000,8.00000000,0.00000000,4.00000000,0.80949776,11.80564581,1.40916072,0.37953227,182.24212059,5486.93882798,0.00000000,0.89209809,1.00000000,1.00000000,1.00000000
0.00000000,8.00000000,4.00000000,4.00000000,0.80723090,11.83891659,1.41047428,0.37954563,266.15448950,5301.76735382,0.00000000,0.88713335,1.00000000,1.00000000,1.00000000
6.00000000,0.00000000,-4.00000000,2.00000000,0.80091207,11.93265802,1.41419306,0.37958346,147.90736181,4421.08093513,0.00000000,0.43668387,1.00000000,1.00000000,1.00000000
3.00000000,3.00000000,-6.00000000,4.00000000,0.80054128,11.93820495,1.41441393,0.37958571,201.00530885,7832.97882410,180.00000000,0.87256333,1.00000000,1.00000000,1.00000000
5.00000000,3.00000000,-5.00000000,4.00000000,0.79990976,11.94766441,1.41479081,0.37958954,84.18808473,4535.81473949,180.00000000,0.87119413,1.00000000,1.00000000,1.00000000
4.00000000,8.00000000,-3.00000000,4.00000000,0.79963474,11.95178854,1.41495520,0.37959121,66.84323793,3953.12177768,0.00000000,0.87059820,1.00000000,1.00000000,1.00000000
3.00000000,9.00000000,-3.00000000,4.00000000,0.79856265,11.96789268,1.41559762,0.37959775,58.99883039,4460.56742690,180.00000000,0.86827709,1.00000000,1.00000000,1.00000000
4.00000000,0.00000000,-6.00000000,2.00000000,0.79817028,11.97379742,1.41583337,0.37960014,57.63918717,4646.42244944,0.00000000,0.43371419,1.00000000,1.00000000,1.00000000
0.00000000,6.00000000,5.00000000,4.00000000,0.79801340,11.97615987,1.41592771,0.37960110,94.54004935,7773.52188180,0.00000000,0.86708917,1.00000000,1.00000000,1.00000000
1.00000000,3.00000000,-6.00000000,4.00000000,0.79783478,11.97885089,1.41603521,0.37960220,47.16485192,3946.65454057,180.00000000,0.86670302,1.00000000,1.00000000,1.00000000
6.00000000,0.00000000,0.00000000,2.00000000,0.79768825,11.98105942,1.41612344,0.37960309,50.15426371,4238.58489205,0.00000000,0.43319315,1.00000000,1.00000000,1.00000000
2.00000000,10.00000000,1.00000000,4.00000000,0.79761234,11.98220379,1.41616917,0.37960356,57.45080644,4872.18915306,0.00000000,0.86622226,1.00000000,1.00000000,1.00000000
3.00000000,9.00000000,1.00000000,4.00000000,0.79696002,11.99204737,1.41656264,0.37960756,52.17261278,4345.50890053,180.00000000,0.86481316,1.00000000,1.00000000,1.00000000
3.00000000,3.00000000,4.00000000,4.00000000,0.79652313,11.99864907,1.41682670,0.37961025,98.67716679,7736.77107954,180.00000000,0.86387008,1.00000000,1.00000000,1.00000000
1.00000000,9.00000000,3.00000000,4.00000000,0.79587610,12.00843960,1.41721854,0.37961423,67.00557301,4440.83911421,180.00000000,0.86247432,1.00000000,1.00000000,1.00000000
2.00000000,0.00000000,5.00000000,2.00000000,0.79574215,12.01046836,1.41729977,0.37961506,62.11892844,3927.71179312,0.00000000,0.43109276,1.00000000,1.00000000,1.00000000
2.00000000,8.00000000,3.00000000,4.00000000,0.79559891,12.01263869,1.41738668,0.37961594,80.78520255,4837.46698954,-0.00000000,0.86187673,1.00000000,1.00000000,1.00000000
4.00000000,6.00000000,2.00000000,4.00000000,0.79539486,12.01573189,1.41751058,0.37961720,78.44333582,4319.14002871,0.00000000,0.86143693,1.00000000,1.00000000,1.00000000
5.00000000,1.00000000,2.00000000,4.00000000,0.79532282,12.01682422,1.41755434,0.37961765,73.50307826,3923.85415966,180.00000000,0.86128170,1.00000000,1.00000000,1.00000000
2.00000000,6.00000000,4.00000000,4.00000000,0.79378016,12.04026433,1.41849421,0.37962720,154.26724338,4463.82706101,-0.00000000,0.85796080,1.00000000,1.00000000,1.00000000
0.00000000,0.00000000,6.00000000,2.00000000,0.79283194,12.05471774,1.41907457,0.37963311,191.30185502,4666.01893330,0.00000000,0.42796138,1.00000000,1.00000000,1.00000000
6.00000000,4.00000000,-2.00000000,4.00000000,0.79171192,12.07183465,1.41976268,0.37964010,172.34353624,3980.16076478,0.00000000,0.85351860,1.00000000,1.00000000,1.00000000
5.00000000,7.00000000,-2.00000000,4.00000000,0.79010649,12.09645498,1.42075397,0.37965018,135.40346766,3630.70984985,-180.00000000,0.85007843,1.00000000,1.00000000,1.00000000
1.00000000,11.00000000,0.00000000,4.00000000,0.78852987,12.12073176,1.42173320,0.37966014,108.07575160,4523.71390923,180.00000000,0.84670677,1.00000000,1.00000000,1.00000000
5.00000000,5.00000000,1.00000000,4.00000000,0.78841299,12.12253523,1.42180602,0.37966088,117.12091464,5001.61356138,180.00000000,0.84645710,1.00000000,1.00000000,1.00000000
6.00000000,2.00000000,-4.00000000,4.00000000,0.78794727,12.12972716,1.42209649,0.37966383,103.79436340,4607.30481200,0.00000000,0.84546259,1.00000000,1.00000000,1.00000000
2.00000000,4.00000000,-6.00000000,4.00000000,0.78748671,12.13684798,1.42238424,0.37966676,85.87813948,3785.87167168,0.00000000,0.84447965,1.00000000,1.00000000,1.00000000
5.00000000,7.00000000,-1.00000000,4.00000000,0.78585946,12.16207388,1.42340484,0.37967713,105.43068995,5155.86082110,180.00000000,0.84101141,1.00000000,1.00000000,1.00000000
4.00000000,2.00000000,-6.00000000,4.00000000,0.78533606,12.17021018,1.42373443,0.37968049,93.42069009,4714.07485306,0.00000000,0.83989737,1.00000000,1.00000000,1.00000000
1.00000000,5.00000000,5.00000000,4.00000000,0.78527711,12.17112721,1.42377159,0.37968086,94.56407500,4765.79155456,180.00000000,0.83977195,1.00000000,1.00000000,1.00000000
1.00000000,11.00000000,-1.00000000,4.00000000,0.78507064,12.17434024,1.42390181,0.37968219,63.90024296,3179.64199633,180.00000000,0.83933273,1.00000000,1.00000000,1.00000000
6.00000000,2.00000000,0.00000000,4.00000000,0.78487690,12.17735677,1.42402409,0.37968343,85.55949919,4161.88355755,0.00000000,0.83892069,1.00000000,1.00000000,1.00000000
2.00000000,2.00000000,5.00000000,4.00000000,0.78302286,12.20629976,1.42519875,0.37969537,111.00515927,4287.50302655,-0.00000000,0.83498274,1.00000000,1.00000000,1.00000000
1.00000000,7.00000000,-5.00000000,4.00000000,0.78275383,12.21051088,1.42536986,0.37969711,138.02583405,5268.56649441,180.00000000,0.83441211,1.00000000,1.00000000,1.00000000
6.00000000,4.00000000,-3.00000000,4.00000000,0.78172248,12.22668190,1.42602746,0.37970380,152.55449837,5300.24585847,0.00000000,0.83222633,1.00000000,1.00000000,1.00000000
0.00000000,2.00000000,6.00000000,4.00000000,0.78024949,12.24985227,1.42697105,0.37971339,201.04005989,4381.34587243,0.00000000,0.82910956,1.00000000,1.00000000,1.00000000
6.00000000,4.00000000,-1.00000000,4.00000000,0.78021893,12.25033387,1.42699068,0.37971359,163.23769591,3486.32979041,0.00000000,0.82904496,1.00000000,1.00000000,1.00000000
4.00000000,4.00000000,3.00000000,4.00000000,0.77546610,12.32570614,1.43007138,0.37974490,285.88297889,4870.47434780,0.00000000,0.81902871,1.00000000,1.00000000,1.00000000
4.00000000,6.00000000,-5.00000000,4.00000000,0.77404866,12.34836472,1.43100083,0.37975435,225.64286937,6944.53512511,0.00000000,0.81605340,1.00000000,1.00000000,1.00000000
5.00000000,7.00000000,-3.00000000,4.00000000,0.77315295,12.36272629,1.43159074,0.37976034,104.36316518,3580.51088193,180.00000000,0.81417604,1.00000000,1.00000000,1.00000000
1.00000000,9.00000000,-4.00000000,4.00000000,0.77193858,12.38225064,1.43239369,0.37976850,162.73799612,6868.39781573,180.00000000,0.81163427,1.00000000,1.00000000,1.00000000
3.00000000,7.00000000,-5.00000000,4.00000000,0.77117719,12.39452355,1.43289902,0.37977364,73.52617390,3497.48027320,-180.00000000,0.81004267,1.00000000,1.00000000,1.00000000
1.00000000,11.00000000,1.00000000,4.00000000,0.77095123,12.39817052,1.43304926,0.37977516,114.34885996,5495.00354955,180.00000000,0.80957063,1.00000000,1.00000000,1.00000000
5.00000000,3.00000000,2.00000000,4.00000000,0.77051332,12.40524449,1.43334081,0.37977813,144.25059036,6760.29010128,180.00000000,0.80865620,1.00000000,1.00000000,1.00000000
2.00000000,10.00000000,-3.00000000,4.00000000,0.77025626,12.40940087,1.43351217,0.37977987,100.01138822,4495.66488747,0.00000000,0.80811965,1.00000000,1.00000000,1.00000000
4.00000000,8.00000000,1.00000000,4.00000000,0.76918791,12.42670446,1.43422616,0.37978712,135.98053793,4223.84685967,0.00000000,0.80589170,1.00000000,1.00000000,1.00000000
0.00000000,10.00000000,3.00000000,4.00000000,0.76904756,12.42898120,1.43432018,0.37978808,150.58898980,4328.88242849,0.00000000,0.80559924,1.00000000,1.00000000,1.00000000
3.00000000,7.00000000,3.00000000,4.00000000,0.76829801,12.44115484,1.43482311,0.37979319,243.99870255,3932.78115384,-180.00000000,0.80403823,1.00000000,1.00000000,1.00000000
5.00000000,7.00000000,0.00000000,4.00000000,0.76139153,12.55445845,1.43952540,0.37984096,428.43964203,5043.79470303,180.00000000,0.78972659,1.00000000,1.00000000,1.00000000
1.00000000,11.00000000,-2.00000000,4.00000000,0.76136968,12.55482024,1.43954048,0.37984112,333.50032954,3917.43019621,-180.00000000,0.78968151,1.00000000,1.00000000,1.00000000
4.00000000,8.00000000,-4.00000000,4.00000000,0.75521327,12.65758229,1.44383869,0.37988478,429.97953560,4676.36609520,0.00000000,0.77703348,1.00000000,1.00000000,1.00000000
2.00000000,10.00000000,2.00000000,4.00000000,0.75283452,12.69774089,1.44552702,0.37990193,125.75804560,3610.00255348,0.00000000,0.77217399,1.00000000,1.00000000,1.00000000
6.00000000,4.00000000,-4.00000000,4.00000000,0.75253154,12.70287434,1.44574319,0.37990412,151.84214112,4954.76511850,-0.00000000,0.77155612,1.00000000,1.00000000,1.00000000
3.00000000,5.00000000,-6.00000000,4.00000000,0.75222394,12.70809012,1.44596290,0.37990635,135.80698795,4859.20333587,180.00000000,0.77092912,1.00000000,1.00000000,1.00000000
5.00000000,5.00000000,-5.00000000,4.00000000,0.75169993,12.71698551,1.44633781,0.37991016,104.56873987,4037.65635316,-180.00000000,0.76986155,1.00000000,1.00000000,1.00000000
4.00000000,4.00000000,-6.00000000,4.00000000,0.75025583,12.74156445,1.44737495,0.37992069,113.49111252,5033.97431586,-0.00000000,0.76692336,1.00000000,1.00000000,1.00000000
6.00000000,0.00000000,-5.00000000,2.00000000,0.75021848,12.74220146,1.44740185,0.37992097,97.11455125,4323.50617518,0.00000000,0.38342372,1.00000000,1.00000000,1.00000000
1.00000000,5.00000000,-6.00000000,4.00000000,0.74997718,12.74631812,1.44757575,0.37992273,79.95258103,3626.64735224,180.00000000,0.76635706,1.00000000,1.00000000,1.00000000
6.00000000,4.00000000,0.00000000,4.00000000,0.74985547,12.74839570,1.44766353,0.37992362,97.61350069,4451.09647994,-0.00000000,0.76610976,1.00000000,1.00000000,1.00000000
3.00000000,5.00000000,4.00000000,4.00000000,0.74888738,12.76494400,1.44836317,0.37993073,101.18630238,4297.67084710,180.00000000,0.76414428,1.00000000,1.00000000,1.00000000
2.00000000,4.00000000,5.00000000,4.00000000,0.74823820,12.77606515,1.44883382,0.37993551,114.51173872,4326.83751346,0.00000000,0.76282768,1.00000000,1.00000000,1.00000000
3.00000000,9.00000000,-4.00000000,4.00000000,0.74795607,12.78090431,1.44903873,0.37993759,119.46167431,4301.13865292,180.00000000,0.76225586,1.00000000,1.00000000,1.00000000
5.00000000,1.00000000,-6.00000000,4.00000000,0.74627405,12.80983163,1.45026511,0.37995004,103.73591478,3509.46663730,-180.00000000,0.75885117,1.00000000,1.00000000,1.00000000
6.00000000,0.00000000,1.00000000,2.00000000,0.74625165,12.81021768,1.45028149,0.37995021,130.46702138,4403.99454966,0.00000000,0.37940295,1.00000000,1.00000000,1.00000000
3.00000000,9.00000000,2.00000000,4.00000000,0.74598268,12.81485579,1.45047836,0.37995221,137.33991347,4429.73457056,180.00000000,0.75826219,1.00000000,1.00000000,1.00000000
0.00000000,4.00000000,6.00000000,4.00000000,0.74581715,12.81771196,1.45059963,0.37995344,150.14771540,4624.39694185,0.00000000,0.75792767,1.00000000,1.00000000,1.00000000
2.00000000,8.00000000,-5.00000000,4.00000000,0.74388965,12.85106381,1.45201750,0.37996784,310.30786262,3481.15018840,-0.00000000,0.75403791,1.00000000,1.00000000,1.00000000
1.00000000,1.00000000,6.00000000,4.00000000,0.73974943,12.92329412,1.45509965,0.37999913,186.99879510,4099.31691533,180.00000000,0.74571686,1.00000000,1.00000000,1.00000000
6.00000000,2.00000000,-5.00000000,4.00000000,0.73953132,12.92712184,1.45526342,0.38000079,130.89302216,3337.83066413,0.00000000,0.74527979,1.00000000,1.00000000,1.00000000
5.00000000,7.00000000,-4.00000000,4.00000000,0.73875705,12.94072818,1.45584593,0.38000671,179.77060594,4688.41271355,-180.00000000,0.74372928,1.00000000,1.00000000,1.00000000
1.00000000,11.00000000,2.00000000,4.00000000,0.73620502,12.98577959,1.45777864,0.38002632,194.38358902,4357.60210179,180.00000000,0.73863017,1.00000000,1.00000000,1.00000000
6.00000000,2.00000000,1.00000000,4.00000000,0.73573076,12.99418632,1.45813996,0.38002999,170.25919273,4575.60616654,0.00000000,0.73768453,1.00000000,1.00000000,1.00000000
6.00000000,6.00000000,-2.00000000,4.00000000,0.73442059,13.01746745,1.45914171,0.38004016,314.39441584,9572.99144420,-0.00000000,0.73507529,1.00000000,1.00000000,1.00000000
0.00000000,12.00000000,0.00000000,2.00000000,0.73283333,13.04578455,1.46036234,0.38005255,406.11801261,9362.26664083,0.00000000,0.36596022,1.00000000,1.00000000,1.00000000
2.00000000,6.00000000,-6.00000000,4.00000000,0.73104410,13.07785338,1.46174761,0.38006661,398.50097890,8954.73281813,-0.00000000,0.72837233,1.00000000,1.00000000,1.00000000
4.00000000,0.00000000,4.00000000,2.00000000,0.72829458,13.12744259,1.46389581,0.38008841,510.99612176,9228.43985728,0.00000000,0.36146843,1.00000000,1.00000000,1.00000000
5.00000000,5.00000000,2.00000000,4.00000000,0.72714829,13.14822818,1.46479845,0.38009757,135.20832950,3781.91472827,180.00000000,0.72067684,1.00000000,1.00000000,1.00000000
6.00000000,6.00000000,-3.00000000,4.00000000,0.72642561,13.16136647,1.46536966,0.38010337,161.84547274,5460.05459011,0.00000000,0.71925382,1.00000000,1.00000000,1.00000000
5.00000000,3.00000000,-6.00000000,4.00000000,0.72566325,13.17525455,1.46597404,0.38010950,98.51143593,3769.46022769,180.00000000,0.71775422,1.00000000,1.00000000,1.00000000
6.00000000,6.00000000,-1.00000000,4.00000000,0.72521862,13.18336820,1.46632740,0.38011309,129.47979020,5186.18342536,0.00000000,0.71688033,1.00000000,1.00000000,1.00000000
0.00000000,12.00000000,1.00000000,4.00000000,0.72428909,13.20036243,1.46706815,0.38012060,121.13342657,5310.54023484,0.00000000,0.71505515,1.00000000,1.00000000,1.00000000
7.00000000,1.00000000,-2.00000000,4.00000000,0.72377163,13.20984201,1.46748174,0.38012480,102.17222432,4825.04669242,-180.00000000,0.71404010,1.00000000,1.00000000,1.00000000
3.00000000,11.00000000,-1.00000000,4.00000000,0.72324225,13.21955419,1.46790575,0.38012910,95.10750608,4963.90371937,180.00000000,0.71300241,1.00000000,1.00000000,1.00000000
4.00000000,10.00000000,-1.00000000,4.00000000,0.72247771,13.23360590,1.46851971,0.38013533,75.35652261,4517.22296571,0.00000000,0.71150511,1.00000000,1.00000000,1.00000000
1.00000000,11.00000000,-3.00000000,4.00000000,0.72243186,13.23444956,1.46855660,0.38013570,80.95835182,4877.58020451,-180.00000000,0.71141536,1.00000000,1.00000000,1.00000000
1.00000000,9.00000000,4.00000000,4.00000000,0.72205285,13.24142733,1.46886172,0.38013880,62.08676425,3797.05185046,180.00000000,0.71067375,1.00000000,1.00000000,1.00000000
5.00000000,7.00000000,1.00000000,4.00000000,0.72185613,13.24505205,1.46902028,0.38014041,59.27272526,3582.22874986,180.00000000,0.71028897,1.00000000,1.00000000,1.00000000
7.00000000,1.00000000,-3.00000000,4.00000000,0.72168634,13.24818225,1.46915724,0.38014180,72.16500912,4277.79387065,-180.00000000,0.70995694,1.00000000,1.00000000,1.00000000
2.00000000,0.00000000,-7.00000000,2.00000000,0.72165611,13.24873968,1.46918163,0.38014205,119.72236711,7067.75334466,0.00000000,0.35494892,1.00000000,1.00000000,1.00000000
4.00000000,6.00000000,3.00000000,4.00000000,0.72139699,13.25351989,1.46939085,0.38014417,67.10773832,3805.80520068,0.00000000,0.70939130,1.00000000,1.00000000,1.00000000
4.00000000,10.00000000,-2.00000000,4.00000000,0.72010869,13.27733753,1.47043431,0.38015476,88.71735101,4825.62138937,0.00000000,0.70687561,1.00000000,1.00000000,1.00000000
1.00000000,3.00000000,6.00000000,4.00000000,0.71966016,13.28564977,1.47079888,0.38015845,123.46201040,7053.31973968,180.00000000,0.70600083,1.00000000,1.00000000,1.00000000
1.00000000,7.00000000,5.00000000,4.00000000,0.71944695,13.28960476,1.47097242,0.38016021,59.76075392,3448.45123535,-180.00000000,0.70558518,1.00000000,1.00000000,1.00000000
0.00000000,8.00000000,5.00000000,4.00000000,0.71937737,13.29089601,1.47102909,0.38016079,77.88117381,4493.84506989,0.00000000,0.70544956,1.00000000,1.00000000,1.00000000
2.00000000,10.00000000,-4.00000000,4.00000000,0.71890981,13.29957909,1.47141028,0.38016466,88.78151616,4872.49557431,0.00000000,0.70453858,1.00000000,1.00000000,1.00000000
4.00000000,2.00000000,4.00000000,4.00000000,0.71850526,13.30710114,1.47174069,0.38016801,84.04876114,4153.69701569,0.00000000,0.70375086,1.00000000,1.00000000,1.00000000
3.00000000,1.00000000,-7.00000000,4.00000000,0.71768718,13.32233833,1.47241050,0.38017480,117.95060889,4447.07562533,-180.00000000,0.70215927,1.00000000,1.00000000,1.00000000
4.00000000,8.00000000,2.00000000,4.00000000,0.71745737,13.32662494,1.47259907,0.38017672,86.89436650,3067.78845560,0.00000000,0.70171250,1.00000000,1.00000000,1.00000000
2.00000000,8.00000000,4.00000000,4.00000000,0.71627167,13.34878586,1.47357479,0.38018661,99.21026171,3146.04325668,-0.00000000,0.69940965,1.00000000,1.00000000,1.00000000
5.00000000,1.00000000,3.00000000,4.00000000,0.71578061,13.35798551,1.47398027,0.38019073,114.12485541,3758.76308930,180.00000000,0.69845703,1.00000000,1.00000000,1.00000000
3.00000000,11.00000000,-2.00000000,4.00000000,0.71531404,13.36673799,1.47436629,0.38019464,130.47677504,4284.03653748,180.00000000,0.69755255,1.00000000,1.00000000,1.00000000
3.00000000,11.00000000,0.00000000,4.00000000,0.71473708,13.37757742,1.47484466,0.38019950,133.71144114,3801.23768261,180.00000000,0.69643486,1.00000000,1.00000000,1.00000000
3.00000000,1.00000000,5.00000000,4.00000000,0.71421200,13.38745745,1.47528100,0.38020392,175.10301367,3843.38559334,180.00000000,0.69541845,1.00000000,1.00000000,1.00000000
2.00000000,2.00000000,-7.00000000,4.00000000,0.71212857,13.42680413,1.47702164,0.38022158,325.47774569,4277.00099631,0.00000000,0.69139293,1.00000000,1.00000000,1.00000000
6.00000000,4.00000000,-5.00000000,4.00000000,0.71001742,13.46691178,1.47880076,0.38023962,180.81083635,3141.32123870,-0.00000000,0.68732582,1.00000000,1.00000000,1.00000000
7.00000000,1.00000000,-1.00000000,4.00000000,0.70954206,13.47597567,1.47920350,0.38024371,188.90840539,3689.90372151,180.00000000,0.68641172,1.00000000,1.00000000,1.00000000
4.00000000,10.00000000,0.00000000,4.00000000,0.70860345,13.49390883,1.48000105,0.38025179,165.54017635,3267.47204416,0.00000000,0.68460858,1.00000000,1.00000000,1.00000000
0.00000000,10.00000000,4.00000000,4.00000000,0.70708145,13.52308996,1.48130092,0.38026498,110.46060256,3188.76215049,0.00000000,0.68168981,1.00000000,1.00000000,1.00000000
6.00000000,4.00000000,1.00000000,4.00000000,0.70665194,13.53134785,1.48166923,0.38026871,143.92842616,4565.97412508,0.00000000,0.68086726,1.00000000,1.00000000,1.00000000
1.00000000,1.00000000,-7.00000000,4.00000000,0.70498733,13.56344781,1.48310290,0.38028325,92.90935781,3412.93148112,180.00000000,0.67768411,1.00000000,1.00000000,1.00000000
7.00000000,3.00000000,-2.00000000,4.00000000,0.70492366,13.56467876,1.48315794,0.38028381,128.59924573,4794.27931874,180.00000000,0.67756250,1.00000000,1.00000000,1.00000000
5.00000000,9.00000000,-2.00000000,4.00000000,0.70435415,13.57569808,1.48365085,0.38028881,106.99052471,4549.86992639,180.00000000,0.67647528,1.00000000,1.00000000,1.00000000
7.00000000,1.00000000,-4.00000000,4.00000000,0.70369545,13.58846568,1.48422242,0.38029460,63.48485757,2989.87021661,-180.00000000,0.67521888,1.00000000,1.00000000,1.00000000
2.00000000,12.00000000,-1.00000000,4.00000000,0.70344456,13.59333483,1.48444053,0.38029681,95.84430703,4605.42010321,0.00000000,0.67474066,1.00000000,1.00000000,1.00000000
7.00000000,3.00000000,-3.00000000,4.00000000,0.70299664,13.60203690,1.48483051,0.38030077,71.72231039,3500.21595094,180.00000000,0.67388728,1.00000000,1.00000000,1.00000000
4.00000000,0.00000000,-7.00000000,2.00000000,0.70286559,13.60458495,1.48494474,0.38030193,67.08037254,3278.89668670,0.00000000,0.33681885,1.00000000,1.00000000,1.00000000
6.00000000,6.00000000,-4.00000000,4.00000000,0.70282314,13.60541059,1.48498176,0.38030230,73.54008333,3596.17396739,0.00000000,0.67355687,1.00000000,1.00000000,1.00000000
4.00000000,10.00000000,-3.00000000,4.00000000,0.70195951,13.62222869,1.48573628,0.38030995,63.79531032,3207.13594461,-0.00000000,0.67191343,1.00000000,1.00000000,1.00000000
4.00000000,8.00000000,-5.00000000,4.00000000,0.70167384,13.62780100,1.48598646,0.38031249,87.29139368,4475.06637112,-0.00000000,0.67137025,1.00000000,1.00000000,1.00000000
5.00000000,9.00000000,-1.00000000,4.00000000,0.70134031,13.63431256,1.48627893,0.38031545,66.96655229,3500.65993513,180.00000000,0.67073636,1.00000000,1.00000000,1.00000000
4.00000000,6.00000000,-6.00000000,4.00000000,0.70096820,13.64158485,1.48660572,0.38031877,71.89932527,3776.52252419,0.00000000,0.67002949,1.00000000,1.00000000,1.00000000
2.00000000,12.00000000,0.00000000,4.00000000,0.70071368,13.64656328,1.48682953,0.38032103,68.43083463,3556.23375547,-0.00000000,0.66954623,1.00000000,1.00000000,1.00000000
6.00000000,6.00000000,0.00000000,4.00000000,0.70064163,13.64797334,1.48689293,0.38032168,66.51471932,3439.43130062,-0.00000000,0.66940945,1.00000000,1.00000000,1.00000000
0.00000000,12.00000000,2.00000000,4.00000000,0.70034486,13.65378426,1.48715428,0.38032433,71.50958171,3594.21986532,0.00000000,0.66884623,1.00000000,1.00000000,1.00000000
2.00000000,6.00000000,5.00000000,4.00000000,0.69932181,13.67385384,1.48805771,0.38033349,77.36676590,3258.29416472,0.00000000,0.66690651,1.00000000,1.00000000,1.00000000
3.00000000,3.00000000,-7.00000000,4.00000000,0.69929864,13.67430905,1.48807821,0.38033369,92.23753773,3864.05679174,180.00000000,0.66686261,1.00000000,1.00000000,1.00000000
2.00000000,10.00000000,3.00000000,4.00000000,0.69922458,13.67576435,1.48814377,0.38033436,80.57104587,3317.51266195,0.00000000,0.66672230,1.00000000,1.00000000,1.00000000
1.00000000,9.00000000,-5.00000000,4.00000000,0.69913014,13.67762041,1.48822739,0.38033521,92.52669677,3726.26945816,180.00000000,0.66654342,1.00000000,1.00000000,1.00000000
5.00000000,3.00000000,3.00000000,4.00000000,0.69753454,13.70905785,1.48964535,0.38034958,91.54667208,3495.24019334,180.00000000,0.66352460,1.00000000,1.00000000,1.00000000
0.00000000,6.00000000,6.00000000,4.00000000,0.69734401,13.71282132,1.48981530,0.38035130,97.38943090,3782.32665132,0.00000000,0.66316460,1.00000000,1.00000000,1.00000000
3.00000000,3.00000000,5.00000000,4.00000000,0.69608261,13.73779053,1.49094393,0.38036275,157.47181751,3653.02904682,180.00000000,0.66078362,1.00000000,1.00000000,1.00000000
4.00000000,2.00000000,-7.00000000,4.00000000,0.69405415,13.77813528,1.49277155,0.38038127,127.67622390,3177.10928703,-0.00000000,0.65696381,1.00000000,1.00000000,1.00000000
3.00000000,7.00000000,-6.00000000,4.00000000,0.69377198,13.78376629,1.49302702,0.38038386,126.62351459,3879.39187030,180.00000000,0.65643333,1.00000000,1.00000000,1.00000000
5.00000000,7.00000000,-5.00000000,4.00000000,0.69336081,13.79197984,1.49339984,0.38038764,113.56131799,4677.66608000,-180.00000000,0.65566073,1.00000000,1.00000000,1.00000000
6.00000000,0.00000000,-6.00000000,2.00000000,0.69288841,13.80142873,1.49382898,0.38039199,149.72868758,8259.73503668,0.00000000,0.32738682,1.00000000,1.00000000,1.00000000
3.00000000,11.00000000,-3.00000000,4.00000000,0.69248294,13.80954921,1.49419801,0.38039573,41.07260437,2769.37457874,-180.00000000,0.65401271,1.00000000,1.00000000,1.00000000
5.00000000,9.00000000,-3.00000000,4.00000000,0.69226385,13.81394117,1.49439768,0.38039775,114.59880450,8417.74369224,-180.00000000,0.65360173,1.00000000,1.00000000,1.00000000
1.00000000,7.00000000,-6.00000000,4.00000000,0.69200816,13.81907010,1.49463093,0.38040012,46.00442657,3633.79508243,-180.00000000,0.65312227,1.00000000,1.00000000,1.00000000
7.00000000,3.00000000,-1.00000000,4.00000000,0.69175723,13.82410735,1.49486009,0.38040244,105.94702843,8659.45068231,180.00000000,0.65265191,1.00000000,1.00000000,1.00000000
3.00000000,11.00000000,1.00000000,4.00000000,0.69143712,13.83053852,1.49515277,0.38040541,33.08773618,2643.47906144,-180.00000000,0.65205213,1.00000000,1.00000000,1.00000000
4.00000000,4.00000000,4.00000000,4.00000000,0.69134790,13.83233227,1.49523443,0.38040623,45.76815574,3582.66580808,-0.00000000,0.65188499,1.00000000,1.00000000,1.00000000
3.00000000,7.00000000,4.00000000,4.00000000,0.69115176,13.83627691,1.49541403,0.38040805,43.78811246,3211.56781656,180.00000000,0.65151767,1.00000000,1.00000000,1.00000000
2.00000000,12.00000000,-2.00000000,4.00000000,0.69113957,13.83652207,1.49542520,0.38040817,114.23208843,8337.95216659,0.00000000,0.65149485,1.00000000,1.00000000,1.00000000
3.00000000,9.00000000,-5.00000000,4.00000000,0.69084452,13.84246035,1.49569567,0.38041091,128.25282062,8145.77650597,180.00000000,0.65094250,1.00000000,1.00000000,1.00000000
1.00000000,11.00000000,3.00000000,4.00000000,0.69072891,13.84478855,1.49580174,0.38041198,45.12710295,2695.56398869,-180.00000000,0.65072613,1.00000000,1.00000000,1.00000000
5.00000000,5.00000000,-6.00000000,4.00000000,0.68909585,13.87775983,1.49730566,0.38042722,73.27409854,3020.11688309,180.00000000,0.64767373,1.00000000,1.00000000,1.00000000
3.00000000,9.00000000,3.00000000,4.00000000,0.68877234,13.88431029,1.49760484,0.38043026,197.81791242,8330.96331546,180.00000000,0.64706989,1.00000000,1.00000000,1.00000000
6.00000000,0.00000000,2.00000000,2.00000000,0.68872608,13.88524744,1.49764765,0.38043069,202.12986234,8522.52583866,0.00000000,0.32349179,1.00000000,1.00000000,1.00000000
1.00000000,3.00000000,-7.00000000,4.00000000,0.68753447,13.90943156,1.49875341,0.38044190,217.88301772,7830.82229334,180.00000000,0.64476205,1.00000000,1.00000000,1.00000000
7.00000000,3.00000000,-4.00000000,4.00000000,0.68633601,13.93384005,1.49987122,0.38045322,122.67468421,4056.06003385,180.00000000,0.64253164,1.00000000,1.00000000,1.00000000
2.00000000,0.00000000,6.00000000,2.00000000,0.68593911,13.94194257,1.50024269,0.38045699,244.79012314,7948.00857760,0.00000000,0.32089692,1.00000000,1.00000000,1.00000000
2.00000000,4.00000000,-7.00000000,4.00000000,0.68566169,13.94761163,1.50050271,0.38045962,118.07730839,3748.29552242,0.00000000,0.64127838,1.00000000,1.00000000,1.00000000
6.00000000,2.00000000,-6.00000000,4.00000000,0.68444245,13.97258107,1.50164913,0.38047124,100.93089142,3236.44691772,0.00000000,0.63901552,1.00000000,1.00000000,1.00000000
1.00000000,5.00000000,6.00000000,4.00000000,0.68394906,13.98271097,1.50211476,0.38047596,126.05049394,4000.74655524,180.00000000,0.63810096,1.00000000,1.00000000,1.00000000
5.00000000,9.00000000,0.00000000,4.00000000,0.68378300,13.98612359,1.50227169,0.38047755,138.89716789,4242.57717809,180.00000000,0.63779330,1.00000000,1.00000000,1.00000000
2.00000000,12.00000000,1.00000000,4.00000000,0.68345402,13.99288950,1.50258294,0.38048070,156.80910038,4192.79515670,0.00000000,0.63718400,1.00000000,1.00000000,1.00000000
7.00000000,1.00000000,0.00000000,4.00000000,0.68167551,14.02958066,1.50427323,0.38049783,164.62407497,2870.01786314,180.00000000,0.63389513,1.00000000,1.00000000,1.00000000
4.00000000,10.00000000,1.00000000,4.00000000,0.68109226,14.04165523,1.50483038,0.38050347,155.97819310,2946.63400567,0.00000000,0.63281844,1.00000000,1.00000000,1.00000000
6.00000000,2.00000000,2.00000000,4.00000000,0.68042960,14.05539917,1.50546509,0.38050990,233.90774349,3855.33197870,0.00000000,0.63159627,1.00000000,1.00000000,1.00000000
0.00000000,0.00000000,7.00000000,2.00000000,0.67957023,14.07326312,1.50629093,0.38051827,269.99063045,2789.80253668,0.00000000,0.31500654,1.00000000,1.00000000,1.00000000
2.00000000,2.00000000,6.00000000,4.00000000,0.67774175,14.11142425,1.50805834,0.38053617,437.51495012,3634.08801667,0.00000000,0.62665119,1.00000000,1.00000000,1.00000000
1.00000000,11.00000000,-4.00000000,4.00000000,0.67490606,14.17101847,1.51082727,0.38056422,374.97831555,4126.08889675,180.00000000,0.62145532,1.00000000,1.00000000,1.00000000
5.00000000,7.00000000,2.00000000,4.00000000,0.67395292,14.19116294,1.51176568,0.38057372,185.67764890,2847.67750397,-180.00000000,0.61971376,1.00000000,1.00000000,1.00000000
7.00000000,1.00000000,-5.00000000,4.00000000,0.67309166,14.20941479,1.51261700,0.38058235,176.39647797,2994.34432553,-180.00000000,0.61814222,1.00000000,1.00000000,1.00000000
6.00000000,8.00000000,-2.00000000,4.00000000,0.67175147,14.23791017,1.51394812,0.38059583,130.37774403,4024.24949238,-0.00000000,0.61570075,1.00000000,1.00000000,1.00000000
0.00000000,2.00000000,7.00000000,4.00000000,0.67159646,14.24121337,1.51410258,0.38059739,98.14934426,3223.77454926,0.00000000,0.61541868,1.00000000,1.00000000,1.00000000
4.00000000,10.00000000,-4.00000000,4.00000000,0.67133314,14.24682831,1.51436523,0.38060005,77.92443977,2736.75077055,0.00000000,0.61493966,1.00000000,1.00000000,1.00000000
7.00000000,5.00000000,-2.00000000,4.00000000,0.67126180,14.24835040,1.51443644,0.38060077,116.66340979,4135.97642964,180.00000000,0.61480991,1.00000000,1.00000000,1.00000000
5.00000000,1.00000000,-7.00000000,4.00000000,0.67113722,14.25100894,1.51456084,0.38060203,80.97839212,2895.23782432,180.00000000,0.61458337,1.00000000,1.00000000,1.00000000
1.00000000,13.00000000,0.00000000,4.00000000,0.66980448,14.27951233,1.51589595,0.38061555,105.14923673,3584.72318294,180.00000000,0.61216252,1.00000000,1.00000000,1.00000000
7.00000000,5.00000000,-3.00000000,4.00000000,0.66959723,14.28395503,1.51610427,0.38061766,96.41193864,3265.80475668,180.00000000,0.61178650,1.00000000,1.00000000,1.00000000
4.00000000,4.00000000,-7.00000000,4.00000000,0.66948398,14.28638380,1.51621818,0.38061882,93.64402808,3149.40064629,0.00000000,0.61158108,1.00000000,1.00000000,1.00000000
2.00000000,8.00000000,-6.00000000,4.00000000,0.66916477,14.29323441,1.51653957,0.38062207,116.18893450,3779.51223636,0.00000000,0.61100224,1.00000000,1.00000000,1.00000000
6.00000000,6.00000000,-5.00000000,4.00000000,0.66781733,14.32222448,1.51790122,0.38063586,106.80238829,3561.81062894,0.00000000,0.60856192,1.00000000,1.00000000,1.00000000
1.00000000,13.00000000,-1.00000000,4.00000000,0.66768043,14.32517651,1.51804002,0.38063726,126.27767105,4325.32101175,180.00000000,0.60831426,1.00000000,1.00000000,1.00000000
5.00000000,9.00000000,-4.00000000,4.00000000,0.66724701,14.33453046,1.51848000,0.38064172,136.47560998,5091.54192014,180.00000000,0.60753051,1.00000000,1.00000000,1.00000000
3.00000000,5.00000000,-7.00000000,4.00000000,0.66639932,14.35286045,1.51934296,0.38065046,77.43340129,3454.41696699,180.00000000,0.60599911,1.00000000,1.00000000,1.00000000
2.00000000,12.00000000,-3.00000000,4.00000000,0.66600685,14.36136314,1.51974361,0.38065451,104.15403814,5026.55847566,0.00000000,0.60529074,1.00000000,1.00000000,1.00000000
7.00000000,3.00000000,0.00000000,4.00000000,0.66585948,14.36455841,1.51989423,0.38065604,99.18421024,4873.86216787,180.00000000,0.60502486,1.00000000,1.00000000,1.00000000
6.00000000,8.00000000,-3.00000000,4.00000000,0.66561717,14.36981513,1.52014208,0.38065855,81.75461103,4040.73561684,-0.00000000,0.60458783,1.00000000,1.00000000,1.00000000
0.00000000,12.00000000,3.00000000,4.00000000,0.66522503,14.37833063,1.52054377,0.38066262,78.49431887,3622.32446971,0.00000000,0.60388090,1.00000000,1.00000000,1.00000000
6.00000000,6.00000000,1.00000000,4.00000000,0.66501469,14.38290251,1.52075953,0.38066480,86.00124965,3681.58517910,0.00000000,0.60350187,1.00000000,1.00000000,1.00000000
5.00000000,5.00000000,3.00000000,4.00000000,0.66487214,14.38600240,1.52090585,0.38066628,72.94165500,2933.93091184,180.00000000,0.60324508,1.00000000,1.00000000,1.00000000
6.00000000,8.00000000,-1.00000000,4.00000000,0.66468825,14.39000348,1.52109476,0.38066820,84.03300401,3090.69782699,0.00000000,0.60291389,1.00000000,1.00000000,1.00000000
3.00000000,5.00000000,5.00000000,4.00000000,0.66361442,14.41341221,1.52220095,0.38067940,139.37335560,3021.67787007,180.00000000,0.60098173,1.00000000,1.00000000,1.00000000
2.00000000,10.00000000,-5.00000000,4.00000000,0.66334151,14.41937363,1.52248293,0.38068225,168.93629902,3283.41025847,-0.00000000,0.60049117,1.00000000,1.00000000,1.00000000
4.00000000,8.00000000,3.00000000,4.00000000,0.66174217,14.45440903,1.52414231,0.38069905,149.18010039,3297.55920857,0.00000000,0.59762043,1.00000000,1.00000000,1.00000000
6.00000000,4.00000000,-6.00000000,4.00000000,0.66084493,14.47413893,1.52507842,0.38070853,97.45799665,2679.68825901,0.00000000,0.59601296,1.00000000,1.00000000,1.00000000
7.00000000,5.00000000,-1.00000000,4.00000000,0.65986332,14.49578610,1.52610687,0.38071894,160.41159672,3713.61625386,180.00000000,0.59425684,1.00000000,1.00000000,1.00000000
1.00000000,13.00000000,1.00000000,4.00000000,0.65892992,14.51643046,1.52708900,0.38072888,109.07112804,2815.72568736,180.00000000,0.59258938,1.00000000,1.00000000,1.00000000
3.00000000,11.00000000,-4.00000000,4.00000000,0.65870189,14.52148285,1.52732956,0.38073131,103.93167606,2875.59885679,180.00000000,0.59218238,1.00000000,1.00000000,1.00000000
7.00000000,3.00000000,-5.00000000,4.00000000,0.65785244,14.54033483,1.52822785,0.38074041,215.94024510,7604.27824125,180.00000000,0.59066748,1.00000000,1.00000000,1.00000000
3.00000000,11.00000000,2.00000000,4.00000000,0.65735282,14.55144616,1.52875781,0.38074577,87.13902798,3218.30651385,180.00000000,0.58977735,1.00000000,1.00000000,1.00000000
6.00000000,4.00000000,2.00000000,4.00000000,0.65723084,14.55416130,1.52888737,0.38074708,89.68638813,3319.98273030,0.00000000,0.58956015,1.00000000,1.00000000,1.00000000
1.00000000,5.00000000,-7.00000000,4.00000000,0.65619511,14.57725807,1.52999037,0.38075825,86.00722857,3399.36887211,180.00000000,0.58771742,1.00000000,1.00000000,1.00000000
5.00000000,3.00000000,-7.00000000,4.00000000,0.65602741,14.58100472,1.53016945,0.38076006,178.25148600,7253.46271174,180.00000000,0.58741933,1.00000000,1.00000000,1.00000000
7.00000000,5.00000000,-4.00000000,4.00000000,0.65515294,14.60057275,1.53110543,0.38076953,58.67462797,2735.09389593,180.00000000,0.58586617,1.00000000,1.00000000,1.00000000
2.00000000,4.00000000,6.00000000,4.00000000,0.65480769,14.60831297,1.53147599,0.38077328,69.74336483,3149.34570709,0.00000000,0.58525354,1.00000000,1.00000000,1.00000000
5.00000000,9.00000000,1.00000000,4.00000000,0.65471559,14.61037919,1.53157494,0.38077428,173.85953568,7681.88454957,180.00000000,0.58509016,1.00000000,1.00000000,1.00000000
2.00000000,12.00000000,2.00000000,4.00000000,0.65464807,14.61189420,1.53164750,0.38077502,173.77133403,7533.66058721,-0.00000000,0.58497041,1.00000000,1.00000000,1.00000000
1.00000000,13.00000000,-2.00000000,4.00000000,0.65291746,14.65083637,1.53351502,0.38079392,106.44868920,3210.71126289,180.00000000,0.58190512,1.00000000,1.00000000,1.00000000
1.00000000,9.00000000,5.00000000,4.00000000,0.65291646,14.65085885,1.53351610,0.38079393,241.99159122,7297.93569431,180.00000000,0.58190336,1.00000000,1.00000000,1.00000000
4.00000000,6.00000000,4.00000000,4.00000000,0.65221236,14.66676222,1.53428009,0.38080166,383.10759314,7460.29026338,0.00000000,0.58065857,1.00000000,1.00000000,1.00000000
0.00000000,4.00000000,7.00000000,4.00000000,0.64926037,14.73381656,1.53750988,0.38083434,405.80143165,3310.77079734,0.00000000,0.57545434,1.00000000,1.00000000,1.00000000
2.00000000,6.00000000,-7.00000000,4.00000000,0.64743170,14.77566424,1.53953250,0.38085481,295.06069238,5839.02871039,0.00000000,0.57224230,1.00000000,1.00000000,1.00000000
6.00000000,8.00000000,-4.00000000,4.00000000,0.64731798,14.77827447,1.53965884,0.38085609,139.88140248,2881.10761222,-0.00000000,0.57204286,1.00000000,1.00000000,1.00000000
4.00000000,8.00000000,-6.00000000,4.00000000,0.64586785,14.81164104,1.54127565,0.38087244,104.32699190,2979.27807781,0.00000000,0.56950263,1.00000000,1.00000000,1.00000000
0.00000000,10.00000000,5.00000000,4.00000000,0.64578472,14.81355833,1.54136866,0.38087339,105.54097819,3106.96974623,-0.00000000,0.56935718,1.00000000,1.00000000,1.00000000
6.00000000,8.00000000,0.00000000,4.00000000,0.64561237,14.81753507,1.54156160,0.38087534,83.81106366,2627.02718658,0.00000000,0.56905569,1.00000000,1.00000000,1.00000000
4.00000000,0.00000000,5.00000000,2.00000000,0.64509537,14.82947702,1.54214131,0.38088120,159.75706518,5842.01648233,0.00000000,0.28407589,1.00000000,1.00000000,1.00000000
7.00000000,1.00000000,1.00000000,4.00000000,0.64467702,14.83915447,1.54261140,0.38088596,83.06735995,3214.40367926,-180.00000000,0.56742088,1.00000000,1.00000000,1.00000000
2.00000000,8.00000000,5.00000000,4.00000000,0.64457931,14.84141669,1.54272133,0.38088707,74.70109993,2897.02642772,0.00000000,0.56725023,1.00000000,1.00000000,1.00000000
4.00000000,10.00000000,2.00000000,4.00000000,0.64439467,14.84569307,1.54292918,0.38088917,98.01265613,3768.27356150,0.00000000,0.56692785,1.00000000,1.00000000,1.00000000
5.00000000,1.00000000,4.00000000,4.00000000,0.64401047,14.85459948,1.54336226,0.38089355,101.29944459,3597.65149275,180.00000000,0.56625734,1.00000000,1.00000000,1.00000000
2.00000000,10.00000000,4.00000000,4.00000000,0.64353516,14.86563304,1.54389910,0.38089898,135.69161581,3813.79964096,-0.00000000,0.56542834,1.00000000,1.00000000,1.00000000
5.00000000,7.00000000,-6.00000000,4.00000000,0.64332233,14.87057870,1.54413985,0.38090142,117.59574611,2837.84419603,-180.00000000,0.56505736,1.00000000,1.00000000,1.00000000
0.00000000,8.00000000,6.00000000,4.00000000,0.64302958,14.87738727,1.54447141,0.38090477,147.80274361,2819.78871517,-0.00000000,0.56454724,1.00000000,1.00000000,1.00000000
1.00000000,1.00000000,7.00000000,4.00000000,0.64125499,14.91879220,1.54649079,0.38092520,276.69852939,3419.36967410,180.00000000,0.56146006,1.00000000,1.00000000,1.00000000
1.00000000,11.00000000,4.00000000,4.00000000,0.64080275,14.92938104,1.54700807,0.38093043,237.49457926,2807.36771614,180.00000000,0.56067467,1.00000000,1.00000000,1.00000000
1.00000000,7.00000000,6.00000000,4.00000000,0.63912853,14.96871261,1.54893246,0.38094990,293.67260351,3005.48926233,180.00000000,0.55777197,1.00000000,1.00000000,1.00000000
4.00000000,2.00000000,5.00000000,4.00000000,0.63826277,14.98913325,1.54993346,0.38096002,291.41388632,3172.88258421,0.00000000,0.55627392,1.00000000,1.00000000,1.00000000
